<?xml version="1.0" encoding="UTF-8"?>
<extension version="3.10" type="plugin" group="system" method="upgrade">
	<name>plg_system_switcheditor</name>
	<license>GNU General Public License version 3, or later</license>
	<creationDate>2023-07-24</creationDate>
	<author>ConseilGouz</author>
	<authorEmail>pascal.leconte@conseilgouz.com</authorEmail>
	<authorUrl>https://www.conseilgouz.com</authorUrl>
	<copyright>(C)2023 ConseilGouz. All rights reserved.</copyright>
	<version>2.1.1</version>
	<description>PLG_SYSTEM_SWITCHEDITOR_XML_DESCRIPTION</description>
	<languages>
		<language tag="en-GB">language/en-GB/plg_system_switcheditor.sys.ini</language>
		<language tag="en-GB">language/en-GB/plg_system_switcheditor.ini</language>
		<language tag="fr-FR">language/fr-FR/plg_system_switcheditor.sys.ini</language>
		<language tag="fr-FR">language/fr-FR/plg_system_switcheditor.ini</language>
	</languages>
	<files>
		<filename plugin="switcheditor">switcheditor.php</filename>
	</files>
</extension>