<?xml version="1.0" encoding="utf-8"?>
<extension version="4.x" type="file" method="upgrade">
	<name>SwitchEditor Medias</name>
	<author>ConseilGouz</author>
	<creationDate>2024-01-24</creationDate>
	<copyright>(C)2024 ConseilGouz. All rights reserved.</copyright>
	<license>GNU General Public License version 3</license>
	<authorEmail>pascal.leconte@conseilgouz.com</authorEmail>
	<authorUrl>https://www.conseilgouz.com</authorUrl>
	<version>2.2.6</version>
	<description>Install SwitchEditor Medias</description>
	<media destination="switcheditor" folder="media">
		<folder>css</folder>
		<folder>images</folder>
		<folder>js</folder>
		<filename>index.html</filename>
	</media>
</extension>